;mean;se;bias;cp;;;;;;;;;;mean;sd;bias;cp
1;0,576120157;0,161592435;0,152240315;1;;;;;;;;;;0,500469823;0,167934235;0,000939647;0,924
2;0,457045017;0,17901494;-0,085909966;1;;mean;sd;bias;cp;;;;;;;;
3;0,596100793;0,167822239;0,192201586;1;;-1,021943569;0,334824542;0,021943569;0,942;;;;;;;;
4;0,304141476;0,106959173;-0,391717049;1;;-0,501412995;0,333013906;0,002825991;0,934;;;;;;;;
5;0,486368219;0,180799117;-0,027263562;1;;-0,214417495;0,543590563;0,072087477;0,94;;;;;;;;
6;0,681689236;0,207804657;0,363378472;1;;0,579501972;0,212497633;-0,034163379;0,95;;;;;;;;
7;0,76446459;0,281599068;0,52892918;1;;0,201914038;0,171838677;0,009570188;0,942;;;;;;;;
8;0,938986674;0,268127605;0,877973349;1;;0,396330341;0,292350403;-0,009174149;0,948;;;;;;;;
9;0,449894912;0,167230319;-0,100210175;1;;0,500469823;0,167934235;0,000939647;0,924;;;;;;;;
10;0,626382918;0,238976663;0,252765837;1;;;;;;;;;;;;;
11;0,473675714;0,154081012;-0,052648571;1;;;;;;;;;;;;;
12;0,434485999;0,13025265;-0,131028002;1;;;;;;;;;;;;;
13;0,424632124;0,142548276;-0,150735752;1;;;;;;;;;;;;;
14;0,50734466;0,150289278;0,01468932;1;;;;;;;;;;;;;
15;0,543303607;0,198970397;0,086607215;1;;;;;;;;;;;;;
16;0,489809935;0,156672917;-0,02038013;1;;;;;;;;;;;;;
17;0,545701788;0,208877123;0,091403576;1;;;;;;;;;;;;;
18;0,41806641;0,168548953;-0,16386718;1;;;;;;;;;;;;;
19;0,321692778;0,100642306;-0,356614444;1;;;;;;;;;;;;;
20;0,770228816;0,231530015;0,540457632;1;;;;;;;;;;;;;
21;0,396587773;0,126290269;-0,206824454;1;;;;;;;;;;;;;
22;0,48916331;0,173379693;-0,021673381;1;;;;;;;;;;;;;
23;0,521529179;0,18649804;0,043058358;1;;;;;;;;;;;;;
24;0,589120245;0,183474937;0,17824049;1;;;;;;;;;;;;;
25;0,530476148;0,1646919;0,060952296;1;;;;;;;;;;;;;
26;0,43398157;0,138258949;-0,13203686;1;;;;;;;;;;;;;
27;0,604170081;0,177907033;0,208340162;1;;;;;;;;;;;;;
28;0,440353497;0,1473064;-0,119293005;1;;;;;;;;;;;;;
29;0,47652749;0,158552848;-0,04694502;1;;;;;;;;;;;;;
30;0,519459029;0,18330235;0,038918057;1;;;;;;;;;;;;;
31;0,536880862;0,182424993;0,073761723;1;;;;;;;;;;;;;
32;0,559931593;0,206751854;0,119863186;1;;;;;;;;;;;;;
33;0,529317369;0,146908021;0,058634739;1;;;;;;;;;;;;;
34;0,655782742;0,186045813;0,311565484;1;;;;;;;;;;;;;
35;0,297164452;0,11920897;-0,405671096;1;;;;;;;;;;;;;
36;0,369551949;0,133572579;-0,260896101;1;;;;;;;;;;;;;
37;0,524487024;0,194334268;0,048974048;1;;;;;;;;;;;;;
38;0,538596474;0,172048314;0,077192947;1;;;;;;;;;;;;;
39;0,258501204;0,098416041;-0,482997593;0;;;;;;;;;;;;;
40;0,307865856;0,124106344;-0,384268288;1;;;;;;;;;;;;;
41;0,593231071;0,212592834;0,186462142;1;;;;;;;;;;;;;
42;0,451824421;0,17011941;-0,096351158;1;;;;;;;;;;;;;
43;0,500225038;0,160943196;0,000450077;1;;;;;;;;;;;;;
44;0,48452827;0,169751297;-0,030943459;1;;;;;;;;;;;;;
45;0,808875662;0,285512767;0,617751324;1;;;;;;;;;;;;;
46;0,491684994;0,175022532;-0,016630012;1;;;;;;;;;;;;;
47;0,438861808;0,157491965;-0,122276385;1;;;;;;;;;;;;;
48;0,412512058;0,148727727;-0,174975885;1;;;;;;;;;;;;;
49;0,635981829;0,218715688;0,271963659;1;;;;;;;;;;;;;
50;0,601356395;0,1684758;0,20271279;1;;;;;;;;;;;;;
51;0,339685126;0,123444137;-0,320629749;1;;;;;;;;;;;;;
52;0,55093499;0,18588203;0,10186998;1;;;;;;;;;;;;;
53;0,495203737;0,15088717;-0,009592525;1;;;;;;;;;;;;;
54;0,43244737;0,139539281;-0,135105261;1;;;;;;;;;;;;;
55;0,300094371;0,12505288;-0,399811257;1;;;;;;;;;;;;;
56;0,609788045;0,193615765;0,219576091;1;;;;;;;;;;;;;
57;0,429458751;0,16478209;-0,141082498;1;;;;;;;;;;;;;
58;0,439797401;0,123250125;-0,120405197;1;;;;;;;;;;;;;
59;0,274545453;0,110601014;-0,450909093;0;;;;;;;;;;;;;
60;0,388541628;0,13235775;-0,222916743;1;;;;;;;;;;;;;
61;0,556312167;0,170113568;0,112624334;1;;;;;;;;;;;;;
62;0,308565676;0,099883034;-0,382868647;1;;;;;;;;;;;;;
63;0,245582913;0,106271402;-0,508834175;0;;;;;;;;;;;;;
64;0,516497626;0,160363294;0,032995252;1;;;;;;;;;;;;;
65;0,643788988;0,215959824;0,287577977;1;;;;;;;;;;;;;
66;0,427380408;0,164015811;-0,145239183;1;;;;;;;;;;;;;
67;0,369276135;0,14104555;-0,261447729;1;;;;;;;;;;;;;
68;0,365666871;0,136971853;-0,268666257;1;;;;;;;;;;;;;
69;0,227949586;0,086748757;-0,544100829;0;;;;;;;;;;;;;
70;0,295103074;0,113865218;-0,409793852;1;;;;;;;;;;;;;
71;0,405159972;0,114232636;-0,189680057;1;;;;;;;;;;;;;
72;0,379049277;0,126420371;-0,241901445;1;;;;;;;;;;;;;
73;0,312668721;0,099189626;-0,374662558;1;;;;;;;;;;;;;
74;0,62272645;0,207900909;0,2454529;1;;;;;;;;;;;;;
75;0,509301433;0,161088616;0,018602867;1;;;;;;;;;;;;;
76;0,581437036;0,189609112;0,162874073;1;;;;;;;;;;;;;
77;0,453302901;0,145749919;-0,093394198;1;;;;;;;;;;;;;
78;0,337771919;0,113696693;-0,324456162;1;;;;;;;;;;;;;
79;0,479853593;0,18333412;-0,040292813;1;;;;;;;;;;;;;
80;0,409061051;0,116693322;-0,181877899;1;;;;;;;;;;;;;
81;0,602782878;0,236916911;0,205565756;1;;;;;;;;;;;;;
82;0,836043111;0,24906814;0,672086223;1;;;;;;;;;;;;;
83;0,448622205;0,154983441;-0,102755591;1;;;;;;;;;;;;;
84;0,467880296;0,167348474;-0,064239407;1;;;;;;;;;;;;;
85;0,705730539;0,218465972;0,411461078;1;;;;;;;;;;;;;
86;0,613219034;0,215641607;0,226438067;1;;;;;;;;;;;;;
87;0,709613361;0,212142708;0,419226721;1;;;;;;;;;;;;;
88;0,675996635;0,246209702;0,35199327;1;;;;;;;;;;;;;
89;0,334893706;0,104269988;-0,330212588;1;;;;;;;;;;;;;
90;0,389161454;0,15531172;-0,221677092;1;;;;;;;;;;;;;
91;0,40110312;0,148653647;-0,19779376;1;;;;;;;;;;;;;
92;0,956061524;0,297393546;0,912123049;1;;;;;;;;;;;;;
93;0,346800919;0,106409699;-0,306398163;1;;;;;;;;;;;;;
94;0,978944994;0,340037147;0,957889988;1;;;;;;;;;;;;;
95;0,548570295;0,187188475;0,09714059;1;;;;;;;;;;;;;
96;0,577000623;0,169572483;0,154001246;1;;;;;;;;;;;;;
97;0,250274185;0,114607676;-0,49945163;0;;;;;;;;;;;;;
98;0,401375599;0,124389319;-0,197248803;1;;;;;;;;;;;;;
99;0,556948026;0,154838604;0,113896051;1;;;;;;;;;;;;;
100;0,467605246;0,143415694;-0,064789508;1;;;;;;;;;;;;;
101;0,520921759;0,189537507;0,041843519;1;;;;;;;;;;;;;
102;0,419645474;0,121951385;-0,160709053;1;;;;;;;;;;;;;
103;0,559028792;0,176850804;0,118057584;1;;;;;;;;;;;;;
104;0,291668847;0,102260449;-0,416662306;0;;;;;;;;;;;;;
105;0,663550354;0,199345385;0,327100707;1;;;;;;;;;;;;;
106;0,538390469;0,158289094;0,076780938;1;;;;;;;;;;;;;
107;0,33275488;0,111321731;-0,334490239;1;;;;;;;;;;;;;
108;0,659563709;0,22901255;0,319127419;1;;;;;;;;;;;;;
109;0,512406799;0,165553556;0,024813598;1;;;;;;;;;;;;;
110;0,297291741;0,104369651;-0,405416518;1;;;;;;;;;;;;;
111;0,411471289;0,147276236;-0,177057421;1;;;;;;;;;;;;;
112;0,292707035;0,104166526;-0,414585929;0;;;;;;;;;;;;;
113;0,574669701;0,170449352;0,149339403;1;;;;;;;;;;;;;
114;0,696844185;0,199460515;0,39368837;1;;;;;;;;;;;;;
115;0,342043509;0,108471797;-0,315912982;1;;;;;;;;;;;;;
116;0,462553827;0,133933469;-0,074892347;1;;;;;;;;;;;;;
117;0,392401108;0,148648682;-0,215197783;1;;;;;;;;;;;;;
118;0,631756747;0,208353795;0,263513494;1;;;;;;;;;;;;;
119;0,545079481;0,154282805;0,090158961;1;;;;;;;;;;;;;
120;0,384160022;0,137095403;-0,231679956;1;;;;;;;;;;;;;
121;0,680322285;0,179994994;0,360644571;1;;;;;;;;;;;;;
122;0,710871278;0,222719029;0,421742557;1;;;;;;;;;;;;;
123;0,26847813;0,105052195;-0,463043741;0;;;;;;;;;;;;;
124;0,298349574;0,092214054;-0,403300852;0;;;;;;;;;;;;;
125;0,508922208;0,188160913;0,017844416;1;;;;;;;;;;;;;
126;0,532827106;0,222294517;0,065654212;1;;;;;;;;;;;;;
127;0,646223416;0,180386579;0,292446833;1;;;;;;;;;;;;;
128;0,606823554;0,18761409;0,213647109;1;;;;;;;;;;;;;
129;0,505347031;0,155905675;0,010694062;1;;;;;;;;;;;;;
130;0,410049541;0,150338431;-0,179900918;1;;;;;;;;;;;;;
131;0,45673212;0,166528564;-0,086535761;1;;;;;;;;;;;;;
132;0,651378825;0,208512457;0,302757649;1;;;;;;;;;;;;;
133;0,848865503;0,27746652;0,697731006;1;;;;;;;;;;;;;
134;0,302574887;0,106919955;-0,394850225;1;;;;;;;;;;;;;
135;0,652612931;0,196352053;0,305225862;1;;;;;;;;;;;;;
136;0,311720752;0,114975952;-0,376558495;1;;;;;;;;;;;;;
137;0,255412404;0,113749079;-0,489175193;0;;;;;;;;;;;;;
138;0,421168858;0,14292941;-0,157662284;1;;;;;;;;;;;;;
139;0,515354954;0,160328359;0,030709907;1;;;;;;;;;;;;;
140;0,464336186;0,142101817;-0,071327628;1;;;;;;;;;;;;;
141;0,564739525;0,166520494;0,12947905;1;;;;;;;;;;;;;
142;0,542457985;0,172774835;0,08491597;1;;;;;;;;;;;;;
143;0,616553594;0,206775777;0,233107189;1;;;;;;;;;;;;;
144;0,861912608;0,294964617;0,723825216;1;;;;;;;;;;;;;
145;0,369790143;0,119202797;-0,260419714;1;;;;;;;;;;;;;
146;0,468137195;0,155544098;-0,06372561;1;;;;;;;;;;;;;
147;0,348752039;0,126151452;-0,302495922;1;;;;;;;;;;;;;
148;0,431128171;0,136082264;-0,137743658;1;;;;;;;;;;;;;
149;0,590224282;0,206747561;0,180448565;1;;;;;;;;;;;;;
150;0,716090984;0,261384258;0,432181968;1;;;;;;;;;;;;;
151;0,431139107;0,139083762;-0,137721785;1;;;;;;;;;;;;;
152;0,326076565;0,118442349;-0,34784687;1;;;;;;;;;;;;;
153;0,422367328;0,147462642;-0,155265343;1;;;;;;;;;;;;;
154;0,581128371;0,16474566;0,162256741;1;;;;;;;;;;;;;
155;0,795976821;0,279564675;0,591953642;1;;;;;;;;;;;;;
156;0,505089242;0,182210461;0,010178485;1;;;;;;;;;;;;;
157;0,354951786;0,116113639;-0,290096428;1;;;;;;;;;;;;;
158;0,395369758;0,139575605;-0,209260483;1;;;;;;;;;;;;;
159;0,635033633;0,189396243;0,270067267;1;;;;;;;;;;;;;
160;0,408409988;0,134451419;-0,183180024;1;;;;;;;;;;;;;
161;0,525668709;0,150496933;0,051337419;1;;;;;;;;;;;;;
162;0,564008194;0,184466928;0,128016389;1;;;;;;;;;;;;;
163;0,524200019;0,151882033;0,048400039;1;;;;;;;;;;;;;
164;0,439055274;0,179452693;-0,121889452;1;;;;;;;;;;;;;
165;0,831842391;0,284770907;0,663684782;1;;;;;;;;;;;;;
166;0,290265823;0,1086192;-0,419468355;1;;;;;;;;;;;;;
167;0,622254913;0,183062037;0,244509825;1;;;;;;;;;;;;;
168;0,39735172;0,16073917;-0,205296559;1;;;;;;;;;;;;;
169;0,394485117;0,134164727;-0,211029765;1;;;;;;;;;;;;;
170;0,447792814;0,132994203;-0,104414373;1;;;;;;;;;;;;;
171;0,327961819;0,106261121;-0,344076361;1;;;;;;;;;;;;;
172;0,683229003;0,208017036;0,366458006;1;;;;;;;;;;;;;
173;0,590950082;0,194604601;0,181900164;1;;;;;;;;;;;;;
174;0,245499228;0,098685274;-0,509001544;0;;;;;;;;;;;;;
175;0,421906891;0,118859776;-0,156186217;1;;;;;;;;;;;;;
176;0,727239749;0,213236837;0,454479499;1;;;;;;;;;;;;;
177;0,607142185;0,236334871;0,21428437;1;;;;;;;;;;;;;
178;0,994633522;0,330440059;0,989267043;1;;;;;;;;;;;;;
179;0,486456195;0,145911194;-0,027087609;1;;;;;;;;;;;;;
180;0,24320642;0,100980252;-0,513587161;0;;;;;;;;;;;;;
181;0,422561656;0,129735708;-0,154876689;1;;;;;;;;;;;;;
182;0,607886806;0,179925456;0,215773611;1;;;;;;;;;;;;;
183;0,549305215;0,205711325;0,098610431;1;;;;;;;;;;;;;
184;0,545306552;0,171403175;0,090613104;1;;;;;;;;;;;;;
185;0,370078236;0,123563668;-0,259843529;1;;;;;;;;;;;;;
186;0,589891457;0,207752996;0,179782914;1;;;;;;;;;;;;;
187;0,397462573;0,123926104;-0,205074854;1;;;;;;;;;;;;;
188;0,584344587;0,174085193;0,168689174;1;;;;;;;;;;;;;
189;0,500480819;0,146756976;0,000961638;1;;;;;;;;;;;;;
190;0,647268067;0,205488492;0,294536134;1;;;;;;;;;;;;;
191;0,469581255;0,149456244;-0,06083749;1;;;;;;;;;;;;;
192;0,428301445;0,14729821;-0,143397109;1;;;;;;;;;;;;;
193;0,232569043;0,090903895;-0,534861913;0;;;;;;;;;;;;;
194;0,242591588;0,081666061;-0,514816824;0;;;;;;;;;;;;;
195;0,827248101;0,266005871;0,654496202;1;;;;;;;;;;;;;
196;0,506599832;0,167385453;0,013199665;1;;;;;;;;;;;;;
197;0,281822239;0,116362168;-0,436355523;1;;;;;;;;;;;;;
198;0,311672243;0,106158448;-0,376655515;1;;;;;;;;;;;;;
199;0,676492815;0,216148384;0,352985629;1;;;;;;;;;;;;;
200;0,374253855;0,1207517;-0,25149229;1;;;;;;;;;;;;;
201;0,682102509;0,208771611;0,364205018;1;;;;;;;;;;;;;
202;0,365103997;0,130789387;-0,269792005;1;;;;;;;;;;;;;
203;0,349181744;0,139301938;-0,301636513;1;;;;;;;;;;;;;
204;0,494676463;0,175899118;-0,010647073;1;;;;;;;;;;;;;
205;0,695604555;0,213091825;0,391209109;1;;;;;;;;;;;;;
206;0,775842975;0,265766706;0,55168595;1;;;;;;;;;;;;;
207;0,388743131;0,123367122;-0,222513737;1;;;;;;;;;;;;;
208;0,472188911;0,141069894;-0,055622178;1;;;;;;;;;;;;;
209;0,501304773;0,161119473;0,002609547;1;;;;;;;;;;;;;
210;0,587665272;0,186455059;0,175330545;1;;;;;;;;;;;;;
211;0,712612371;0,200407931;0,425224743;1;;;;;;;;;;;;;
212;0,460509748;0,151821302;-0,078980505;1;;;;;;;;;;;;;
213;0,47610169;0,171796549;-0,047796619;1;;;;;;;;;;;;;
214;0,597582562;0,176320369;0,195165123;1;;;;;;;;;;;;;
215;0,44039305;0,134547278;-0,1192139;1;;;;;;;;;;;;;
216;0,522098695;0,171905856;0,044197389;1;;;;;;;;;;;;;
217;0,752312027;0,209862952;0,504624054;1;;;;;;;;;;;;;
218;0,422023217;0,136451663;-0,155953566;1;;;;;;;;;;;;;
219;0,382963503;0,157096068;-0,234072993;1;;;;;;;;;;;;;
220;0,73074532;0,276275346;0,461490639;1;;;;;;;;;;;;;
221;0,261599999;0,103255766;-0,476800002;0;;;;;;;;;;;;;
222;0,321841498;0,106457649;-0,356317004;1;;;;;;;;;;;;;
223;0,280921385;0,114733675;-0,438157229;1;;;;;;;;;;;;;
224;0,437468035;0,151533048;-0,12506393;1;;;;;;;;;;;;;
225;0,607389936;0,196877712;0,214779873;1;;;;;;;;;;;;;
226;0,31018429;0,110628342;-0,37963142;1;;;;;;;;;;;;;
227;0,660258644;0,199674225;0,320517288;1;;;;;;;;;;;;;
228;0,686748766;0,208555379;0,373497533;1;;;;;;;;;;;;;
229;0,578549189;0,175668733;0,157098379;1;;;;;;;;;;;;;
230;0,977973165;0,265094792;0,955946331;1;;;;;;;;;;;;;
231;0,4682248;0,15103536;-0,063550399;1;;;;;;;;;;;;;
232;0,910777875;0,282879813;0,82155575;1;;;;;;;;;;;;;
233;0,505229615;0,173523808;0,01045923;1;;;;;;;;;;;;;
234;0,529776107;0,163164906;0,059552213;1;;;;;;;;;;;;;
235;0,881304876;0,283586487;0,762609751;1;;;;;;;;;;;;;
236;0,336856088;0,122827986;-0,326287823;1;;;;;;;;;;;;;
237;0,413059662;0,126778851;-0,173880675;1;;;;;;;;;;;;;
238;0,406169164;0,150221622;-0,187661671;1;;;;;;;;;;;;;
239;0,321951819;0,124719739;-0,356096363;1;;;;;;;;;;;;;
240;0,799952912;0,248613606;0,599905824;1;;;;;;;;;;;;;
241;0,657461972;0,184857668;0,314923944;1;;;;;;;;;;;;;
242;0,486471241;0,156796646;-0,027057518;1;;;;;;;;;;;;;
243;0,331624335;0,110103273;-0,336751329;1;;;;;;;;;;;;;
244;0,503535847;0,163758551;0,007071694;1;;;;;;;;;;;;;
245;0,586692612;0,190590862;0,173385224;1;;;;;;;;;;;;;
246;0,609688757;0,208127211;0,219377514;1;;;;;;;;;;;;;
247;0,522118491;0,172504194;0,044236981;1;;;;;;;;;;;;;
248;0,495040793;0,177303238;-0,009918414;1;;;;;;;;;;;;;
249;0,55739584;0,204955296;0,11479168;1;;;;;;;;;;;;;
250;0,09316451;0,042587358;-0,81367098;0;;;;;;;;;;;;;
251;0,566880811;0,194817629;0,133761622;1;;;;;;;;;;;;;
252;0,435966805;0,136388694;-0,12806639;1;;;;;;;;;;;;;
253;0,298312162;0,111326704;-0,403375677;1;;;;;;;;;;;;;
254;0,562493143;0,170979865;0,124986285;1;;;;;;;;;;;;;
255;0,490937934;0,153561065;-0,018124132;1;;;;;;;;;;;;;
256;0,333080236;0,122972877;-0,333839529;1;;;;;;;;;;;;;
257;0,709443396;0,191215972;0,418886792;1;;;;;;;;;;;;;
258;0,781160767;0,22094034;0,562321534;1;;;;;;;;;;;;;
259;0,426041162;0,135317595;-0,147917677;1;;;;;;;;;;;;;
260;0,465262961;0,167078042;-0,069474079;1;;;;;;;;;;;;;
261;0,714165316;0,229147725;0,428330631;1;;;;;;;;;;;;;
262;0,839119483;0,315853107;0,678238965;1;;;;;;;;;;;;;
263;0,40854439;0,140973898;-0,18291122;1;;;;;;;;;;;;;
264;0,746679868;0,270045634;0,493359735;1;;;;;;;;;;;;;
265;0,538981835;0,2189141;0,077963671;1;;;;;;;;;;;;;
266;0,376914918;0,13212749;-0,246170165;1;;;;;;;;;;;;;
267;0,428294211;0,167412676;-0,143411578;1;;;;;;;;;;;;;
268;0,373897753;0,134771766;-0,252204494;1;;;;;;;;;;;;;
269;0,506848653;0,138702463;0,013697306;1;;;;;;;;;;;;;
270;0,335368701;0,123070275;-0,329262598;1;;;;;;;;;;;;;
271;0,53272226;0,183292781;0,06544452;1;;;;;;;;;;;;;
272;0,384641085;0,144383043;-0,23071783;1;;;;;;;;;;;;;
273;0,290502399;0,10120278;-0,418995201;0;;;;;;;;;;;;;
274;0,643062928;0,220553804;0,286125857;1;;;;;;;;;;;;;
275;0,600178099;0,183591979;0,200356197;1;;;;;;;;;;;;;
276;0,534358198;0,158441599;0,068716396;1;;;;;;;;;;;;;
277;0,897924302;0,32792828;0,795848605;1;;;;;;;;;;;;;
278;0,43695336;0,149553748;-0,126093279;1;;;;;;;;;;;;;
279;0,329772209;0,126731556;-0,340455581;1;;;;;;;;;;;;;
280;0,51994433;0,154112461;0,03988866;1;;;;;;;;;;;;;
281;0,377170279;0,119655798;-0,245659442;1;;;;;;;;;;;;;
282;0,346210566;0,120445282;-0,307578869;1;;;;;;;;;;;;;
283;0,578953495;0,196730631;0,157906989;1;;;;;;;;;;;;;
284;0,499246354;0,166397293;-0,001507291;1;;;;;;;;;;;;;
285;0,39557197;0,129206205;-0,208856061;1;;;;;;;;;;;;;
286;0,294026996;0,099922339;-0,411946008;0;;;;;;;;;;;;;
287;0,99156992;0,372412076;0,98313984;1;;;;;;;;;;;;;
288;0,344794077;0,134656135;-0,310411845;1;;;;;;;;;;;;;
289;0,350118972;0,133623202;-0,299762057;1;;;;;;;;;;;;;
290;0,349863307;0,109623193;-0,300273387;1;;;;;;;;;;;;;
291;0,491797944;0,17109631;-0,016404111;1;;;;;;;;;;;;;
292;0,61782665;0,22805718;0,235653301;1;;;;;;;;;;;;;
293;0,6382427;0,207094967;0,276485399;1;;;;;;;;;;;;;
294;0,511280038;0,134877865;0,022560076;1;;;;;;;;;;;;;
295;0,423287444;0,130725207;-0,153425112;1;;;;;;;;;;;;;
296;0,772631568;0,224297605;0,545263136;1;;;;;;;;;;;;;
297;0,333503989;0,118575963;-0,332992023;1;;;;;;;;;;;;;
298;0,435312938;0,141225912;-0,129374124;1;;;;;;;;;;;;;
299;0,490829348;0,160324219;-0,018341305;1;;;;;;;;;;;;;
300;0,400311483;0,176163735;-0,199377034;1;;;;;;;;;;;;;
301;0,997787495;0,292076544;0,99557499;1;;;;;;;;;;;;;
302;0,917054284;0,242732123;0,834108569;1;;;;;;;;;;;;;
303;0,625714622;0,184979994;0,251429243;1;;;;;;;;;;;;;
304;1,057956009;0,308919302;1,115912017;1;;;;;;;;;;;;;
305;0,308838183;0,122625153;-0,382323633;1;;;;;;;;;;;;;
306;0,424909165;0,149366575;-0,15018167;1;;;;;;;;;;;;;
307;0,709551996;0,219769781;0,419103991;1;;;;;;;;;;;;;
308;0,54090378;0,173742748;0,08180756;1;;;;;;;;;;;;;
309;0,462227022;0,154070076;-0,075545956;1;;;;;;;;;;;;;
310;0,583249496;0,175731579;0,166498993;1;;;;;;;;;;;;;
311;0,698166382;0,237458711;0,396332764;1;;;;;;;;;;;;;
312;0,615431348;0,199369608;0,230862697;1;;;;;;;;;;;;;
313;0,434883836;0,140545894;-0,130232328;1;;;;;;;;;;;;;
314;0,551814978;0,14988383;0,103629957;1;;;;;;;;;;;;;
315;0,587483357;0,175068182;0,174966714;1;;;;;;;;;;;;;
316;0,240234111;0,113594577;-0,519531778;0;;;;;;;;;;;;;
317;0,643293235;0,224982287;0,28658647;1;;;;;;;;;;;;;
318;0,618871954;0,207773553;0,237743908;1;;;;;;;;;;;;;
319;0,441158473;0,13907458;-0,117683054;1;;;;;;;;;;;;;
320;0,579660138;0,202904202;0,159320277;1;;;;;;;;;;;;;
321;0,447750834;0,122052945;-0,104498332;1;;;;;;;;;;;;;
322;0,436932283;0,135609963;-0,126135433;1;;;;;;;;;;;;;
323;0,363473487;0,116258596;-0,273053025;1;;;;;;;;;;;;;
324;0,828145902;0,273972165;0,656291804;1;;;;;;;;;;;;;
325;0,624808017;0,17953508;0,249616035;1;;;;;;;;;;;;;
326;0,288823849;0,098330979;-0,422352303;0;;;;;;;;;;;;;
327;0,467536861;0,14550285;-0,064926278;1;;;;;;;;;;;;;
328;0,410073434;0,138151069;-0,179853132;1;;;;;;;;;;;;;
329;0,447646235;0,144802746;-0,104707531;1;;;;;;;;;;;;;
330;0,371224519;0,121245504;-0,257550963;1;;;;;;;;;;;;;
331;0,345610837;0,144644138;-0,308778325;1;;;;;;;;;;;;;
332;0,668596226;0,204793812;0,337192453;1;;;;;;;;;;;;;
333;0,424915966;0,129549159;-0,150168068;1;;;;;;;;;;;;;
334;0,352117827;0,12722371;-0,295764347;1;;;;;;;;;;;;;
335;0,442472472;0,143765061;-0,115055056;1;;;;;;;;;;;;;
336;0,705768384;0,233449343;0,411536768;1;;;;;;;;;;;;;
337;0,217752116;0,082966532;-0,564495768;0;;;;;;;;;;;;;
338;0,294888603;0,12737316;-0,410222794;1;;;;;;;;;;;;;
339;0,401019463;0,15583261;-0,197961074;1;;;;;;;;;;;;;
340;0,358233648;0,12002883;-0,283532704;1;;;;;;;;;;;;;
341;0,632977066;0,192272829;0,265954132;1;;;;;;;;;;;;;
342;0,47923052;0,157029117;-0,041538959;1;;;;;;;;;;;;;
343;0,491312321;0,205298419;-0,017375358;1;;;;;;;;;;;;;
344;0,399154406;0,12998757;-0,201691188;1;;;;;;;;;;;;;
345;0,743675848;0,249075908;0,487351696;1;;;;;;;;;;;;;
346;0,362921337;0,13915103;-0,274157327;1;;;;;;;;;;;;;
347;0,397863941;0,122923989;-0,204272117;1;;;;;;;;;;;;;
348;0,381545546;0,130916204;-0,236908908;1;;;;;;;;;;;;;
349;0,287621878;0,097438801;-0,424756245;0;;;;;;;;;;;;;
350;0,322283775;0,121143965;-0,355432449;1;;;;;;;;;;;;;
351;0,837078348;0,252398587;0,674156696;1;;;;;;;;;;;;;
352;0,581704952;0,223607832;0,163409904;1;;;;;;;;;;;;;
353;0,289239433;0,085952069;-0,421521134;0;;;;;;;;;;;;;
354;0,555679791;0,175054343;0,111359582;1;;;;;;;;;;;;;
355;0,4196311;0,145217425;-0,160737801;1;;;;;;;;;;;;;
356;0,263047385;0,082336166;-0,473905231;0;;;;;;;;;;;;;
357;0,609815867;0,226069629;0,219631734;1;;;;;;;;;;;;;
358;0,30517718;0,11058367;-0,38964564;1;;;;;;;;;;;;;
359;0,362751156;0,11000695;-0,274497688;1;;;;;;;;;;;;;
360;0,518539238;0,207134149;0,037078475;1;;;;;;;;;;;;;
361;0,344214409;0,130882661;-0,311571181;1;;;;;;;;;;;;;
362;0,325687696;0,122633548;-0,348624609;1;;;;;;;;;;;;;
363;0,455736667;0,155589431;-0,088526665;1;;;;;;;;;;;;;
364;0,545511161;0,188676922;0,091022322;1;;;;;;;;;;;;;
365;0,620599506;0,211738607;0,241199012;1;;;;;;;;;;;;;
366;0,427083739;0,146636211;-0,145832523;1;;;;;;;;;;;;;
367;0,650680888;0,198828775;0,301361776;1;;;;;;;;;;;;;
368;0,314193371;0,12554685;-0,371613258;1;;;;;;;;;;;;;
369;0,215279604;0,066339655;-0,569440791;0;;;;;;;;;;;;;
370;0,440619212;0,132069138;-0,118761577;1;;;;;;;;;;;;;
371;0,471947935;0,154945281;-0,05610413;1;;;;;;;;;;;;;
372;0,346446926;0,110910511;-0,307106149;1;;;;;;;;;;;;;
373;0,534995291;0,189979178;0,069990581;1;;;;;;;;;;;;;
374;1,015076334;0,322740165;1,030152668;1;;;;;;;;;;;;;
375;0,530358505;0,202649858;0,060717009;1;;;;;;;;;;;;;
376;0,406056432;0,148483526;-0,187887136;1;;;;;;;;;;;;;
377;0,301699886;0,093414991;-0,396600228;0;;;;;;;;;;;;;
378;0,690841676;0,201908734;0,381683353;1;;;;;;;;;;;;;
379;0,36183156;0,121441397;-0,276336879;1;;;;;;;;;;;;;
380;0,356233657;0,123798861;-0,287532687;1;;;;;;;;;;;;;
381;0,378644152;0,125332401;-0,242711696;1;;;;;;;;;;;;;
382;0,432926709;0,139943312;-0,134146582;1;;;;;;;;;;;;;
383;0,46502939;0,141473013;-0,06994122;1;;;;;;;;;;;;;
384;0,413922486;0,124957145;-0,172155029;1;;;;;;;;;;;;;
385;0,370645339;0,126234708;-0,258709321;1;;;;;;;;;;;;;
386;0,681765061;0,194502037;0,363530122;1;;;;;;;;;;;;;
387;0,366455959;0,13015514;-0,267088082;1;;;;;;;;;;;;;
388;0,581508285;0,202635431;0,16301657;1;;;;;;;;;;;;;
389;0,226322215;0,076835014;-0,54735557;0;;;;;;;;;;;;;
390;0,416258304;0,137598703;-0,167483392;1;;;;;;;;;;;;;
391;0,697029339;0,255890561;0,394058678;1;;;;;;;;;;;;;
392;0,534990416;0,181022966;0,069980831;1;;;;;;;;;;;;;
393;0,701231817;0,213807349;0,402463634;1;;;;;;;;;;;;;
394;0,429899885;0,145576099;-0,14020023;1;;;;;;;;;;;;;
395;0,474255542;0,139262305;-0,051488916;1;;;;;;;;;;;;;
396;0,492225152;0,177465601;-0,015549695;1;;;;;;;;;;;;;
397;0,294128808;0,109433099;-0,411742383;1;;;;;;;;;;;;;
398;0,2869085;0,104085237;-0,426183001;0;;;;;;;;;;;;;
399;0,416565385;0,153259044;-0,16686923;1;;;;;;;;;;;;;
400;0,515370309;0,192866697;0,030740619;1;;;;;;;;;;;;;
401;0,494493496;0,152532169;-0,011013008;1;;;;;;;;;;;;;
402;0,642488624;0,210180739;0,284977247;1;;;;;;;;;;;;;
403;0,465558851;0,143736318;-0,068882299;1;;;;;;;;;;;;;
404;0,499449359;0,196346642;-0,001101282;1;;;;;;;;;;;;;
405;0,378983456;0,126188096;-0,242033089;1;;;;;;;;;;;;;
406;0,469456563;0,144727893;-0,061086873;1;;;;;;;;;;;;;
407;0,538763483;0,206119154;0,077526965;1;;;;;;;;;;;;;
408;1,025455199;0,304951344;1,050910398;1;;;;;;;;;;;;;
409;0,401428301;0,141199679;-0,197143397;1;;;;;;;;;;;;;
410;0,887712118;0,273289744;0,775424236;1;;;;;;;;;;;;;
411;0,386620759;0,126351742;-0,226758482;1;;;;;;;;;;;;;
412;0,466152782;0,157180333;-0,067694436;1;;;;;;;;;;;;;
413;0,808623435;0,251928208;0,617246869;1;;;;;;;;;;;;;
414;0,37949414;0,141003234;-0,241011719;1;;;;;;;;;;;;;
415;0,348190526;0,145891908;-0,303618948;1;;;;;;;;;;;;;
416;0,432666597;0,12980184;-0,134666806;1;;;;;;;;;;;;;
417;0,421685721;0,142721073;-0,156628558;1;;;;;;;;;;;;;
418;0,687685315;0,228425138;0,37537063;1;;;;;;;;;;;;;
419;0,446027515;0,148273326;-0,107944971;1;;;;;;;;;;;;;
420;0,469615643;0,174455689;-0,060768714;1;;;;;;;;;;;;;
421;0,356125539;0,124078723;-0,287748923;1;;;;;;;;;;;;;
422;0,39162657;0,13547305;-0,216746861;1;;;;;;;;;;;;;
423;0,675878824;0,222385682;0,351757647;1;;;;;;;;;;;;;
424;0,278048082;0,121954798;-0,443903836;1;;;;;;;;;;;;;
425;0,445338218;0,151686643;-0,109323564;1;;;;;;;;;;;;;
426;0,659805652;0,208909356;0,319611305;1;;;;;;;;;;;;;
427;0,616093719;0,18209388;0,232187437;1;;;;;;;;;;;;;
428;0,381191033;0,113244078;-0,237617934;1;;;;;;;;;;;;;
429;0,49213393;0,163967241;-0,015732141;1;;;;;;;;;;;;;
430;0,513653748;0,163983438;0,027307496;1;;;;;;;;;;;;;
431;0,690564562;0,206607418;0,381129125;1;;;;;;;;;;;;;
432;0,709077687;0,287740634;0,418155374;1;;;;;;;;;;;;;
433;0,618921875;0,200629701;0,23784375;1;;;;;;;;;;;;;
434;0,397862536;0,128139923;-0,204274927;1;;;;;;;;;;;;;
435;0,481535347;0,152801013;-0,036929307;1;;;;;;;;;;;;;
436;0,908924153;0,346227073;0,817848305;1;;;;;;;;;;;;;
437;0,709862592;0,272731403;0,419725185;1;;;;;;;;;;;;;
438;0,518220455;0,170811045;0,03644091;1;;;;;;;;;;;;;
439;0,386327993;0,132597299;-0,227344014;1;;;;;;;;;;;;;
440;0,430795008;0,146697366;-0,138409984;1;;;;;;;;;;;;;
441;0,617203609;0,207732399;0,234407218;1;;;;;;;;;;;;;
442;0,552192942;0,197411638;0,104385883;1;;;;;;;;;;;;;
443;0,468847827;0,144502943;-0,062304345;1;;;;;;;;;;;;;
444;0,34637052;0,119896085;-0,30725896;1;;;;;;;;;;;;;
445;0,320976036;0,132807654;-0,358047929;1;;;;;;;;;;;;;
446;0,334207636;0,129770232;-0,331584729;1;;;;;;;;;;;;;
447;0,413223627;0,127957995;-0,173552746;1;;;;;;;;;;;;;
448;0,498812524;0,148321106;-0,002374952;1;;;;;;;;;;;;;
449;0,421961804;0,145692665;-0,156076391;1;;;;;;;;;;;;;
450;0,427653515;0,155878657;-0,144692969;1;;;;;;;;;;;;;
451;0,220848457;0,080166946;-0,558303086;0;;;;;;;;;;;;;
452;0,789203567;0,247554049;0,578407134;1;;;;;;;;;;;;;
453;0,520383232;0,181457936;0,040766465;1;;;;;;;;;;;;;
454;0,530501918;0,153626129;0,061003837;1;;;;;;;;;;;;;
455;0,40083831;0,124111145;-0,198323381;1;;;;;;;;;;;;;
456;0,459002887;0,202379319;-0,081994226;1;;;;;;;;;;;;;
457;0,414111337;0,135199172;-0,171777327;1;;;;;;;;;;;;;
458;0,41244237;0,142063394;-0,175115261;1;;;;;;;;;;;;;
459;0,47618833;0,167325762;-0,04762334;1;;;;;;;;;;;;;
460;0,829309109;0,304939369;0,658618218;1;;;;;;;;;;;;;
461;0,49889333;0,142958849;-0,00221334;1;;;;;;;;;;;;;
462;0,399169646;0,12460373;-0,201660708;1;;;;;;;;;;;;;
463;0,361428764;0,111928461;-0,277142472;1;;;;;;;;;;;;;
464;0,338653812;0,103622492;-0,322692375;1;;;;;;;;;;;;;
465;0,278044073;0,110783309;-0,443911854;0;;;;;;;;;;;;;
466;0,295082097;0,09296844;-0,409835806;0;;;;;;;;;;;;;
467;0,442206654;0,129352831;-0,115586691;1;;;;;;;;;;;;;
468;0,3209772;0,116960386;-0,3580456;1;;;;;;;;;;;;;
469;0,858299755;0,291983837;0,71659951;1;;;;;;;;;;;;;
470;0,296742542;0,103782542;-0,406514916;1;;;;;;;;;;;;;
471;0,381552122;0,11957444;-0,236895755;1;;;;;;;;;;;;;
472;0,751632414;0,204617303;0,503264828;1;;;;;;;;;;;;;
473;0,908590024;0,269427635;0,817180048;1;;;;;;;;;;;;;
474;0,68604064;0,223001657;0,37208128;1;;;;;;;;;;;;;
475;0,537205125;0,182399856;0,07441025;1;;;;;;;;;;;;;
476;0,542877204;0,196880721;0,085754409;1;;;;;;;;;;;;;
477;0,560649948;0,209118232;0,121299896;1;;;;;;;;;;;;;
478;0,509503251;0,167284721;0,019006502;1;;;;;;;;;;;;;
479;0,802129299;0,230837018;0,604258599;1;;;;;;;;;;;;;
480;0,454649198;0,163987851;-0,090701604;1;;;;;;;;;;;;;
481;0,426335237;0,15176195;-0,147329527;1;;;;;;;;;;;;;
482;0,337283701;0,127742254;-0,325432598;1;;;;;;;;;;;;;
483;0,632070977;0,238210871;0,264141955;1;;;;;;;;;;;;;
484;0,255962015;0,087231376;-0,48807597;0;;;;;;;;;;;;;
485;0,613726006;0,218994217;0,227452012;1;;;;;;;;;;;;;
486;0,423852689;0,147443222;-0,152294623;1;;;;;;;;;;;;;
487;0,306490758;0,094278801;-0,387018484;0;;;;;;;;;;;;;
488;0,326436004;0,101831274;-0,347127992;1;;;;;;;;;;;;;
489;0,493962295;0,171330422;-0,01207541;1;;;;;;;;;;;;;
490;0,303182654;0,108667863;-0,393634692;1;;;;;;;;;;;;;
491;0,729501714;0,216455557;0,459003429;1;;;;;;;;;;;;;
492;0,386336373;0,119754277;-0,227327254;1;;;;;;;;;;;;;
493;0,327829459;0,120533333;-0,344341083;1;;;;;;;;;;;;;
494;0,571190259;0,189663998;0,142380518;1;;;;;;;;;;;;;
495;0,663862726;0,236147242;0,327725452;1;;;;;;;;;;;;;
496;0,493822535;0,135080767;-0,012354929;1;;;;;;;;;;;;;
497;0,714580573;0,229989784;0,429161145;1;;;;;;;;;;;;;
498;0,6028251;0,173158727;0,2056502;1;;;;;;;;;;;;;
499;0,447489314;0,151649955;-0,105021372;1;;;;;;;;;;;;;
500;0,535193868;0,166625741;0,070387737;1;;;;;;;;;;;;;
501;0,52163035;0,165405068;0,043260699;1;;;;;;;;;;;;;
502;0,513769516;0,164393738;0,027539033;1;;;;;;;;;;;;;
503;1,041238042;0,310558021;1,082476084;1;;;;;;;;;;;;;
504;0,289414698;0,109365355;-0,421170604;1;;;;;;;;;;;;;
505;0,427760235;0,149545908;-0,144479531;1;;;;;;;;;;;;;
506;0,475763247;0,146467108;-0,048473507;1;;;;;;;;;;;;;
507;0,372915359;0,120326989;-0,254169283;1;;;;;;;;;;;;;
508;0,619885483;0,229912319;0,239770966;1;;;;;;;;;;;;;
509;0,388041081;0,121583716;-0,223917838;1;;;;;;;;;;;;;
510;0,607774924;0,16337627;0,215549847;1;;;;;;;;;;;;;
511;0,632717584;0,227094029;0,265435168;1;;;;;;;;;;;;;
512;0,671772522;0,211901798;0,343545043;1;;;;;;;;;;;;;
513;0,343356088;0,113228161;-0,313287824;1;;;;;;;;;;;;;
514;0,560463409;0,18777876;0,120926818;1;;;;;;;;;;;;;
515;0,566362436;0,180459715;0,132724872;1;;;;;;;;;;;;;
516;0,654928255;0,214795558;0,30985651;1;;;;;;;;;;;;;
517;0,454646074;0,151826565;-0,090707853;1;;;;;;;;;;;;;
518;0,190120606;0,089472381;-0,619758787;0;;;;;;;;;;;;;
519;0,452412717;0,148693144;-0,095174567;1;;;;;;;;;;;;;
520;0,595321111;0,183410121;0,190642221;1;;;;;;;;;;;;;
521;0,451589958;0,14730067;-0,096820084;1;;;;;;;;;;;;;
522;0,300356436;0,096258636;-0,399287127;0;;;;;;;;;;;;;
523;0,60314827;0,175620042;0,20629654;1;;;;;;;;;;;;;
524;0,314723195;0,106295027;-0,370553611;1;;;;;;;;;;;;;
525;0,323901082;0,105062741;-0,352197836;1;;;;;;;;;;;;;
526;0,734056998;0,220728508;0,468113997;1;;;;;;;;;;;;;
527;0,557790466;0,166598717;0,115580932;1;;;;;;;;;;;;;
528;0,629366354;0,179855848;0,258732708;1;;;;;;;;;;;;;
529;0,203836023;0,072144066;-0,592327953;0;;;;;;;;;;;;;
530;0,576150199;0,194806409;0,152300397;1;;;;;;;;;;;;;
531;0,333999875;0,135525048;-0,332000249;1;;;;;;;;;;;;;
532;0,659043182;0,21474845;0,318086365;1;;;;;;;;;;;;;
533;0,606778392;0,172602489;0,213556784;1;;;;;;;;;;;;;
534;0,528374807;0,190826726;0,056749613;1;;;;;;;;;;;;;
535;0,453268289;0,141491538;-0,093463422;1;;;;;;;;;;;;;
536;0,648473928;0,210486021;0,296947856;1;;;;;;;;;;;;;
537;0,502678161;0,157268057;0,005356323;1;;;;;;;;;;;;;
538;0,431792892;0,124737418;-0,136414217;1;;;;;;;;;;;;;
539;0,495932934;0,157722062;-0,008134132;1;;;;;;;;;;;;;
540;0,793693482;0,249348717;0,587386964;1;;;;;;;;;;;;;
541;0,47741253;0,180908113;-0,045174941;1;;;;;;;;;;;;;
542;0,492925593;0,140078001;-0,014148814;1;;;;;;;;;;;;;
543;0,271166865;0,100632395;-0,457666269;0;;;;;;;;;;;;;
544;0,46822636;0,155864917;-0,06354728;1;;;;;;;;;;;;;
545;0,179006895;0,072055959;-0,641986209;0;;;;;;;;;;;;;
546;0,440295957;0,133155996;-0,119408087;1;;;;;;;;;;;;;
547;0,66748046;0,211064035;0,33496092;1;;;;;;;;;;;;;
548;0,558581863;0,176355637;0,117163727;1;;;;;;;;;;;;;
549;0,317093051;0,100660858;-0,365813898;1;;;;;;;;;;;;;
550;0,39822927;0,138201817;-0,203541459;1;;;;;;;;;;;;;
551;0,393812486;0,139368951;-0,212375028;1;;;;;;;;;;;;;
552;0,438209236;0,173867366;-0,123581528;1;;;;;;;;;;;;;
553;0,575218912;0,155743022;0,150437824;1;;;;;;;;;;;;;
554;0,503442511;0,203852172;0,006885023;1;;;;;;;;;;;;;
555;0,401068173;0,145851131;-0,197863653;1;;;;;;;;;;;;;
556;0,675987269;0,254968271;0,351974538;1;;;;;;;;;;;;;
557;0,196422923;0,072393317;-0,607154154;0;;;;;;;;;;;;;
558;0,468281214;0,154708352;-0,063437571;1;;;;;;;;;;;;;
559;0,512402067;0,166396809;0,024804133;1;;;;;;;;;;;;;
560;0,32569611;0,115842826;-0,348607779;1;;;;;;;;;;;;;
561;0,463039852;0,179391728;-0,073920296;1;;;;;;;;;;;;;
562;0,323252373;0,103320566;-0,353495254;1;;;;;;;;;;;;;
563;0,518659949;0,181188989;0,037319897;1;;;;;;;;;;;;;
564;0,43033225;0,153977114;-0,139335499;1;;;;;;;;;;;;;
565;0,480363573;0,183200546;-0,039272855;1;;;;;;;;;;;;;
566;0,683513298;0,222615632;0,367026596;1;;;;;;;;;;;;;
567;0,709367249;0,223908878;0,418734498;1;;;;;;;;;;;;;
568;0,646446807;0,232895866;0,292893615;1;;;;;;;;;;;;;
569;0,317148801;0,126353026;-0,365702398;1;;;;;;;;;;;;;
570;0,494619692;0,156578754;-0,010760615;1;;;;;;;;;;;;;
571;0,44234552;0,158197903;-0,11530896;1;;;;;;;;;;;;;
572;0,52537975;0,172257801;0,050759499;1;;;;;;;;;;;;;
573;0,426086644;0,131130708;-0,147826712;1;;;;;;;;;;;;;
574;0,598212487;0,196457543;0,196424974;1;;;;;;;;;;;;;
575;0,451196057;0,160472531;-0,097607885;1;;;;;;;;;;;;;
576;0,441697225;0,162689479;-0,116605549;1;;;;;;;;;;;;;
577;0,38520475;0,126915804;-0,2295905;1;;;;;;;;;;;;;
578;0,569408075;0,179381655;0,138816149;1;;;;;;;;;;;;;
579;0,425943631;0,122115113;-0,148112738;1;;;;;;;;;;;;;
580;0,446731859;0,180155352;-0,106536281;1;;;;;;;;;;;;;
581;0,472585172;0,156956793;-0,054829655;1;;;;;;;;;;;;;
582;0,50692753;0,169401886;0,013855059;1;;;;;;;;;;;;;
583;0,632091381;0,1858304;0,264182762;1;;;;;;;;;;;;;
584;0,47550246;0,151777373;-0,048995081;1;;;;;;;;;;;;;
585;0,565042645;0,190349358;0,13008529;1;;;;;;;;;;;;;
586;0,447630998;0,144058548;-0,104738003;1;;;;;;;;;;;;;
587;0,455026017;0,142290651;-0,089947965;1;;;;;;;;;;;;;
588;0,509999906;0,146374383;0,019999812;1;;;;;;;;;;;;;
589;0,427034131;0,136361341;-0,145931739;1;;;;;;;;;;;;;
590;0,436977424;0,133657671;-0,126045152;1;;;;;;;;;;;;;
591;0,544082459;0,182471005;0,088164919;1;;;;;;;;;;;;;
592;0,496505927;0,155764525;-0,006988147;1;;;;;;;;;;;;;
593;0,742584843;0,226930875;0,485169687;1;;;;;;;;;;;;;
594;0,4295709;0,161683399;-0,140858201;1;;;;;;;;;;;;;
595;0,303429391;0,107516022;-0,393141218;1;;;;;;;;;;;;;
596;0,64568739;0,227781835;0,291374779;1;;;;;;;;;;;;;
597;0,562674472;0,153298961;0,125348945;1;;;;;;;;;;;;;
598;0,379543883;0,146913052;-0,240912233;1;;;;;;;;;;;;;
599;0,397830941;0,160205635;-0,204338117;1;;;;;;;;;;;;;
600;0,324748424;0,105382206;-0,350503153;1;;;;;;;;;;;;;
601;0,856241667;0,319703832;0,712483334;1;;;;;;;;;;;;;
602;0,607379363;0,184367281;0,214758725;1;;;;;;;;;;;;;
603;0,751911862;0,23289575;0,503823724;1;;;;;;;;;;;;;
604;0,586805888;0,194620763;0,173611776;1;;;;;;;;;;;;;
605;0,417640655;0,133046939;-0,16471869;1;;;;;;;;;;;;;
606;0,169343642;0,059017497;-0,661312716;0;;;;;;;;;;;;;
607;0,998021269;0,308693215;0,996042538;1;;;;;;;;;;;;;
608;0,474011533;0,162171531;-0,051976935;1;;;;;;;;;;;;;
609;0,166136203;0,06738676;-0,667727593;0;;;;;;;;;;;;;
610;0,700822592;0,218978323;0,401645184;1;;;;;;;;;;;;;
611;0,563728888;0,181412228;0,127457776;1;;;;;;;;;;;;;
612;0,470190867;0,140125289;-0,059618266;1;;;;;;;;;;;;;
613;0,389897618;0,130725289;-0,220204764;1;;;;;;;;;;;;;
614;0,434846311;0,163495575;-0,130307379;1;;;;;;;;;;;;;
615;0,276638151;0,10830678;-0,446723698;0;;;;;;;;;;;;;
616;0,624416309;0,217443037;0,248832617;1;;;;;;;;;;;;;
617;0,648520375;0,178675616;0,297040751;1;;;;;;;;;;;;;
618;0,640512168;0,195037069;0,281024336;1;;;;;;;;;;;;;
619;0,398811457;0,13592925;-0,202377087;1;;;;;;;;;;;;;
620;0,718539041;0,200173488;0,437078082;1;;;;;;;;;;;;;
621;0,293001296;0,099990192;-0,413997409;0;;;;;;;;;;;;;
622;0,49053059;0,160814114;-0,01893882;1;;;;;;;;;;;;;
623;0,422036829;0,152469033;-0,155926342;1;;;;;;;;;;;;;
624;0,531552897;0,166439774;0,063105793;1;;;;;;;;;;;;;
625;0,486447395;0,164721818;-0,02710521;1;;;;;;;;;;;;;
626;0,401817962;0,124129752;-0,196364075;1;;;;;;;;;;;;;
627;0,575733559;0,181396708;0,151467118;1;;;;;;;;;;;;;
628;0,435212776;0,139510459;-0,129574449;1;;;;;;;;;;;;;
629;0,68222238;0,20864202;0,364444761;1;;;;;;;;;;;;;
630;0,311604643;0,096295674;-0,376790714;1;;;;;;;;;;;;;
631;0,174270507;0,081790769;-0,651458986;0;;;;;;;;;;;;;
632;0,301487018;0,099344506;-0,397025964;0;;;;;;;;;;;;;
633;0,21512899;0,080371479;-0,56974202;0;;;;;;;;;;;;;
634;0,458266448;0,191687185;-0,083467104;1;;;;;;;;;;;;;
635;0,558200945;0,166808443;0,11640189;1;;;;;;;;;;;;;
636;0,635671657;0,170504677;0,271343315;1;;;;;;;;;;;;;
637;0,348359418;0,101683785;-0,303281165;1;;;;;;;;;;;;;
638;0,635095477;0,207201124;0,270190954;1;;;;;;;;;;;;;
639;0,364296466;0,135577573;-0,271407069;1;;;;;;;;;;;;;
640;0,404519838;0,141333705;-0,190960323;1;;;;;;;;;;;;;
641;0,46698311;0,148230315;-0,066033779;1;;;;;;;;;;;;;
642;0,471494412;0,158492412;-0,057011177;1;;;;;;;;;;;;;
643;0,330727429;0,120604131;-0,338545143;1;;;;;;;;;;;;;
644;0,64554363;0,197101793;0,291087259;1;;;;;;;;;;;;;
645;1,005714056;0,340981944;1,011428112;1;;;;;;;;;;;;;
646;0,327713023;0,108582116;-0,344573953;1;;;;;;;;;;;;;
647;0,541117965;0,181084764;0,08223593;1;;;;;;;;;;;;;
648;0,59893306;0,184456181;0,19786612;1;;;;;;;;;;;;;
649;0,579660958;0,165357778;0,159321917;1;;;;;;;;;;;;;
650;0,168183197;0,059390339;-0,663633606;0;;;;;;;;;;;;;
651;0,392957271;0,120567945;-0,214085457;1;;;;;;;;;;;;;
652;0,384981824;0,13123808;-0,230036351;1;;;;;;;;;;;;;
653;0,760725426;0,213203482;0,521450852;1;;;;;;;;;;;;;
654;0,293430943;0,109351369;-0,413138114;1;;;;;;;;;;;;;
655;0,347713761;0,120139065;-0,304572478;1;;;;;;;;;;;;;
656;0,685794463;0,186380394;0,371588926;1;;;;;;;;;;;;;
657;0,483792682;0,152784891;-0,032414636;1;;;;;;;;;;;;;
658;0,461877182;0,156398152;-0,076245635;1;;;;;;;;;;;;;
659;0,973583054;0,287381771;0,947166109;1;;;;;;;;;;;;;
660;0,264496372;0,100964853;-0,471007256;0;;;;;;;;;;;;;
661;0,341414653;0,134388399;-0,317170695;1;;;;;;;;;;;;;
662;0,335002894;0,114258281;-0,329994211;1;;;;;;;;;;;;;
663;0,330935612;0,10837488;-0,338128775;1;;;;;;;;;;;;;
664;0,614057527;0,212480296;0,228115054;1;;;;;;;;;;;;;
665;0,324134472;0,114264115;-0,351731057;1;;;;;;;;;;;;;
666;0,221768837;0,081083453;-0,556462325;0;;;;;;;;;;;;;
667;0,724295423;0,263864472;0,448590845;1;;;;;;;;;;;;;
668;0,476210345;0,176109441;-0,04757931;1;;;;;;;;;;;;;
669;0,558016269;0,192885314;0,116032539;1;;;;;;;;;;;;;
670;0,614123629;0,232491196;0,228247258;1;;;;;;;;;;;;;
671;0,370900199;0,122127913;-0,258199603;1;;;;;;;;;;;;;
672;0,426591835;0,149734062;-0,14681633;1;;;;;;;;;;;;;
673;0,729719741;0,241976341;0,459439482;1;;;;;;;;;;;;;
674;0,397324185;0,139193984;-0,20535163;1;;;;;;;;;;;;;
675;0,408653871;0,126446928;-0,182692257;1;;;;;;;;;;;;;
676;0,27609607;0,124621431;-0,44780786;1;;;;;;;;;;;;;
677;0,497143882;0,158707297;-0,005712236;1;;;;;;;;;;;;;
678;0,426865447;0,136675064;-0,146269105;1;;;;;;;;;;;;;
679;0,781398235;0,229832269;0,56279647;1;;;;;;;;;;;;;
680;0,426711911;0,15811137;-0,146576179;1;;;;;;;;;;;;;
681;0,544017954;0,186610023;0,088035907;1;;;;;;;;;;;;;
682;0,5914945;0,220084844;0,182989001;1;;;;;;;;;;;;;
683;0,559941321;0,186500611;0,119882642;1;;;;;;;;;;;;;
684;0,995173389;0,344532643;0,990346778;1;;;;;;;;;;;;;
685;0,684430243;0,212859365;0,368860487;1;;;;;;;;;;;;;
686;0,347865947;0,120343294;-0,304268105;1;;;;;;;;;;;;;
687;0,396143569;0,142714559;-0,207712861;1;;;;;;;;;;;;;
688;0,262821871;0,082123897;-0,474356258;0;;;;;;;;;;;;;
689;0,661055061;0,207697549;0,322110121;1;;;;;;;;;;;;;
690;0,634677609;0,227853996;0,269355218;1;;;;;;;;;;;;;
691;0,526522568;0,161459464;0,053045135;1;;;;;;;;;;;;;
692;0,433269245;0,128850279;-0,133461509;1;;;;;;;;;;;;;
693;0,509203551;0,159663319;0,018407103;1;;;;;;;;;;;;;
694;0,543959414;0,178356398;0,087918829;1;;;;;;;;;;;;;
695;0,772146889;0,29585516;0,544293778;1;;;;;;;;;;;;;
696;0,754162602;0,261091474;0,508325205;1;;;;;;;;;;;;;
697;0,352547007;0,115971387;-0,294905985;1;;;;;;;;;;;;;
698;0,312435675;0,099333796;-0,37512865;1;;;;;;;;;;;;;
699;0,341339819;0,136349107;-0,317320363;1;;;;;;;;;;;;;
700;0,822321464;0,284322548;0,644642929;1;;;;;;;;;;;;;
701;0,217408544;0,088064629;-0,565182911;0;;;;;;;;;;;;;
702;0,478578345;0,140987706;-0,042843311;1;;;;;;;;;;;;;
703;0,398375135;0,129085671;-0,203249729;1;;;;;;;;;;;;;
704;0,298249927;0,120805998;-0,403500146;1;;;;;;;;;;;;;
705;0,406208149;0,127216868;-0,187583702;1;;;;;;;;;;;;;
706;0,559935589;0,200160706;0,119871177;1;;;;;;;;;;;;;
707;0,461466128;0,145835099;-0,077067744;1;;;;;;;;;;;;;
708;0,763055668;0,282407695;0,526111335;1;;;;;;;;;;;;;
709;0,286868215;0,120565685;-0,426263569;1;;;;;;;;;;;;;
710;0,291876349;0,095163868;-0,416247301;0;;;;;;;;;;;;;
711;0,499574855;0,164273581;-0,000850289;1;;;;;;;;;;;;;
712;0,238722605;0,102402775;-0,52255479;0;;;;;;;;;;;;;
713;0,490505695;0,162597115;-0,01898861;1;;;;;;;;;;;;;
714;0,390941805;0,140176321;-0,218116389;1;;;;;;;;;;;;;
715;0,604123991;0,192802308;0,208247982;1;;;;;;;;;;;;;
716;0,68040424;0,206285316;0,360808481;1;;;;;;;;;;;;;
717;0,73176618;0,211825048;0,46353236;1;;;;;;;;;;;;;
718;0,519614238;0,192687801;0,039228475;1;;;;;;;;;;;;;
719;0,82073392;0,226066256;0,64146784;1;;;;;;;;;;;;;
720;0,562820434;0,18556582;0,125640868;1;;;;;;;;;;;;;
721;0,33590931;0,115131874;-0,32818138;1;;;;;;;;;;;;;
722;0,357504973;0,136012246;-0,284990055;1;;;;;;;;;;;;;
723;0,456337781;0,164259084;-0,087324439;1;;;;;;;;;;;;;
724;0,55600198;0,194832254;0,112003961;1;;;;;;;;;;;;;
725;0,457714417;0,154109828;-0,084571166;1;;;;;;;;;;;;;
726;0,452010943;0,137562031;-0,095978113;1;;;;;;;;;;;;;
727;0,472809673;0,158829067;-0,054380655;1;;;;;;;;;;;;;
728;0,377639727;0,130954406;-0,244720547;1;;;;;;;;;;;;;
729;0,444277177;0,127872343;-0,111445647;1;;;;;;;;;;;;;
730;0,443861758;0,188641196;-0,112276483;1;;;;;;;;;;;;;
731;0,297003649;0,090194433;-0,405992702;0;;;;;;;;;;;;;
732;0,583406977;0,180498371;0,166813954;1;;;;;;;;;;;;;
733;0,98053224;0,291225485;0,96106448;1;;;;;;;;;;;;;
734;0,656051211;0,241267159;0,312102422;1;;;;;;;;;;;;;
735;0,490472973;0,163658027;-0,019054054;1;;;;;;;;;;;;;
736;0,458874044;0,153808253;-0,082251912;1;;;;;;;;;;;;;
737;0,21684756;0,083834068;-0,56630488;0;;;;;;;;;;;;;
738;0,397433766;0,128608535;-0,205132468;1;;;;;;;;;;;;;
739;0,681094401;0,209030434;0,362188803;1;;;;;;;;;;;;;
740;0,363772009;0,115223323;-0,272455982;1;;;;;;;;;;;;;
741;0,45737104;0,166586175;-0,08525792;1;;;;;;;;;;;;;
742;0,545012817;0,176008061;0,090025633;1;;;;;;;;;;;;;
743;0,470116536;0,194776579;-0,059766928;1;;;;;;;;;;;;;
744;0,375673473;0,119041923;-0,248653055;1;;;;;;;;;;;;;
745;0,376326059;0,160745228;-0,247347881;1;;;;;;;;;;;;;
746;0,818443157;0,227550371;0,636886314;1;;;;;;;;;;;;;
747;0,354237377;0,131165962;-0,291525246;1;;;;;;;;;;;;;
748;0,470303328;0,149745664;-0,059393345;1;;;;;;;;;;;;;
749;0,454548353;0,131002499;-0,090903293;1;;;;;;;;;;;;;
750;0,591682168;0,177390486;0,183364336;1;;;;;;;;;;;;;
751;0,441788053;0,160795586;-0,116423893;1;;;;;;;;;;;;;
752;0,500379424;0,172587949;0,000758848;1;;;;;;;;;;;;;
753;0,30673184;0,11524431;-0,38653632;1;;;;;;;;;;;;;
754;0,564900156;0,166638878;0,129800311;1;;;;;;;;;;;;;
755;0,684506661;0,237220085;0,369013322;1;;;;;;;;;;;;;
756;0,380459117;0,139812191;-0,239081766;1;;;;;;;;;;;;;
757;0,297750249;0,127794736;-0,404499502;1;;;;;;;;;;;;;
758;0,842584683;0,299038156;0,685169365;1;;;;;;;;;;;;;
759;0,376033478;0,115585372;-0,247933045;1;;;;;;;;;;;;;
760;0,555721315;0,201123131;0,111442631;1;;;;;;;;;;;;;
761;0,349422774;0,117410983;-0,301154451;1;;;;;;;;;;;;;
762;0,445470213;0,143313772;-0,109059574;1;;;;;;;;;;;;;
763;0,247435575;0,08199926;-0,50512885;0;;;;;;;;;;;;;
764;0,59930606;0,182946889;0,198612121;1;;;;;;;;;;;;;
765;0,728980445;0,205240065;0,457960889;1;;;;;;;;;;;;;
766;0,490591152;0,145145888;-0,018817696;1;;;;;;;;;;;;;
767;0,356286736;0,103804125;-0,287426528;1;;;;;;;;;;;;;
768;0,451797433;0,138394406;-0,096405134;1;;;;;;;;;;;;;
769;0,661985297;0,226444619;0,323970595;1;;;;;;;;;;;;;
770;0,464218193;0,140765421;-0,071563614;1;;;;;;;;;;;;;
771;0,556430157;0,203238611;0,112860315;1;;;;;;;;;;;;;
772;0,477065293;0,202682542;-0,045869415;1;;;;;;;;;;;;;
773;0,273375508;0,103347569;-0,453248984;0;;;;;;;;;;;;;
774;0,55984491;0,19869622;0,11968982;1;;;;;;;;;;;;;
775;0,223096884;0,103365636;-0,553806232;0;;;;;;;;;;;;;
776;0,578836234;0,20132948;0,157672468;1;;;;;;;;;;;;;
777;0,604804458;0,190547001;0,209608916;1;;;;;;;;;;;;;
778;0,892716234;0,272868803;0,785432469;1;;;;;;;;;;;;;
779;0,531271532;0,15634661;0,062543065;1;;;;;;;;;;;;;
780;0,330211727;0,099955778;-0,339576546;1;;;;;;;;;;;;;
781;0,420521289;0,1316068;-0,158957423;1;;;;;;;;;;;;;
782;0,339510405;0,113360204;-0,32097919;1;;;;;;;;;;;;;
783;0,42182101;0,127360728;-0,15635798;1;;;;;;;;;;;;;
784;0,235436336;0,112202458;-0,529127327;0;;;;;;;;;;;;;
785;0,317857677;0,105139326;-0,364284645;1;;;;;;;;;;;;;
786;0,82910756;0,261400794;0,658215119;1;;;;;;;;;;;;;
787;0,549384974;0,180106946;0,098769948;1;;;;;;;;;;;;;
788;0,666460349;0,249110456;0,332920698;1;;;;;;;;;;;;;
789;0,336856326;0,125188819;-0,326287348;1;;;;;;;;;;;;;
790;0,736240754;0,272220876;0,472481508;1;;;;;;;;;;;;;
791;0,500258266;0,171333511;0,000516532;1;;;;;;;;;;;;;
792;0,508089819;0,143451432;0,016179637;1;;;;;;;;;;;;;
793;0,629858135;0,215003541;0,25971627;1;;;;;;;;;;;;;
794;0,598489741;0,182277744;0,196979482;1;;;;;;;;;;;;;
795;0,575041248;0,183363651;0,150082497;1;;;;;;;;;;;;;
796;0,72785001;0,210084649;0,455700021;1;;;;;;;;;;;;;
797;0,494783736;0,177418768;-0,010432528;1;;;;;;;;;;;;;
798;0,34094678;0,13886507;-0,318106439;1;;;;;;;;;;;;;
799;0,559502241;0,177085492;0,119004481;1;;;;;;;;;;;;;
800;0,432663685;0,155608335;-0,13467263;1;;;;;;;;;;;;;
801;0,463322872;0,142112778;-0,073354256;1;;;;;;;;;;;;;
802;0,67455509;0,209090722;0,34911018;1;;;;;;;;;;;;;
803;0,570229438;0,206469778;0,140458875;1;;;;;;;;;;;;;
804;0,437709323;0,156911227;-0,124581354;1;;;;;;;;;;;;;
805;0,676069175;0,245218612;0,352138351;1;;;;;;;;;;;;;
806;0,502824403;0,210188078;0,005648806;1;;;;;;;;;;;;;
807;0,476722867;0,149090258;-0,046554266;1;;;;;;;;;;;;;
808;0,686412593;0,256923998;0,372825187;1;;;;;;;;;;;;;
809;0,78124231;0,234730859;0,56248462;1;;;;;;;;;;;;;
810;0,391569915;0,135841526;-0,21686017;1;;;;;;;;;;;;;
811;0,395305475;0,13850441;-0,20938905;1;;;;;;;;;;;;;
812;0,74866852;0,254380777;0,497337039;1;;;;;;;;;;;;;
813;0,430059138;0,159654083;-0,139881724;1;;;;;;;;;;;;;
814;0,296504682;0,09397524;-0,406990637;0;;;;;;;;;;;;;
815;0,695900904;0,227192651;0,391801808;1;;;;;;;;;;;;;
816;0,640200094;0,190608708;0,280400188;1;;;;;;;;;;;;;
817;0,598229912;0,223944251;0,196459823;1;;;;;;;;;;;;;
818;0,285642717;0,095691632;-0,428714566;0;;;;;;;;;;;;;
819;0,646497963;0,223290826;0,292995926;1;;;;;;;;;;;;;
820;0,396062687;0,145723052;-0,207874626;1;;;;;;;;;;;;;
821;0,694934665;0,207555655;0,38986933;1;;;;;;;;;;;;;
822;0,434154924;0,134683481;-0,131690152;1;;;;;;;;;;;;;
823;0,54963715;0,178904336;0,0992743;1;;;;;;;;;;;;;
824;0,556224412;0,169546911;0,112448825;1;;;;;;;;;;;;;
825;0,44765256;0,151201533;-0,104694879;1;;;;;;;;;;;;;
826;0,391848661;0,16703563;-0,216302678;1;;;;;;;;;;;;;
827;0,351796989;0,126341782;-0,296406021;1;;;;;;;;;;;;;
828;0,604988993;0,168375655;0,209977986;1;;;;;;;;;;;;;
829;0,508004254;0,147180174;0,016008509;1;;;;;;;;;;;;;
830;0,392050451;0,113056691;-0,215899098;1;;;;;;;;;;;;;
831;0,188538315;0,076102601;-0,622923369;0;;;;;;;;;;;;;
832;0,673647559;0,201218993;0,347295119;1;;;;;;;;;;;;;
833;0,381795436;0,118535373;-0,236409128;1;;;;;;;;;;;;;
834;0,413928571;0,148365842;-0,172142859;1;;;;;;;;;;;;;
835;0,271604481;0,094852782;-0,456791039;0;;;;;;;;;;;;;
836;0,394425177;0,152380086;-0,211149646;1;;;;;;;;;;;;;
837;0,261849089;0,100935173;-0,476301822;0;;;;;;;;;;;;;
838;0,389319657;0,131080292;-0,221360687;1;;;;;;;;;;;;;
839;0,481530428;0,158645982;-0,036939145;1;;;;;;;;;;;;;
840;0,317450527;0,121631724;-0,365098946;1;;;;;;;;;;;;;
841;0,70716563;0,218092804;0,414331259;1;;;;;;;;;;;;;
842;0,738667726;0,23213275;0,477335452;1;;;;;;;;;;;;;
843;0,172234418;0,081158907;-0,655531163;0;;;;;;;;;;;;;
844;0,46559258;0,13732354;-0,068814841;1;;;;;;;;;;;;;
845;0,37237281;0,109341433;-0,255254379;1;;;;;;;;;;;;;
846;0,62279017;0,22784512;0,245580341;1;;;;;;;;;;;;;
847;0,617057904;0,191274382;0,234115807;1;;;;;;;;;;;;;
848;0,521589116;0,145511148;0,043178231;1;;;;;;;;;;;;;
849;0,730779041;0,249039395;0,461558081;1;;;;;;;;;;;;;
850;0,5141297;0,148649024;0,0282594;1;;;;;;;;;;;;;
851;0,497739982;0,178974373;-0,004520036;1;;;;;;;;;;;;;
852;0,421391944;0,175627622;-0,157216112;1;;;;;;;;;;;;;
853;0,403916038;0,148963231;-0,192167923;1;;;;;;;;;;;;;
854;0,728927605;0,235670586;0,457855211;1;;;;;;;;;;;;;
855;0,577436007;0,218892465;0,154872015;1;;;;;;;;;;;;;
856;0,307061373;0,116896766;-0,385877254;1;;;;;;;;;;;;;
857;0,462167351;0,151577405;-0,075665298;1;;;;;;;;;;;;;
858;0,644816047;0,18642444;0,289632094;1;;;;;;;;;;;;;
859;0,555047915;0,172278426;0,11009583;1;;;;;;;;;;;;;
860;0,545445994;0,191952973;0,090891988;1;;;;;;;;;;;;;
861;0,37786737;0,112312152;-0,244265259;1;;;;;;;;;;;;;
862;0,681349709;0,246066577;0,362699418;1;;;;;;;;;;;;;
863;0,274921531;0,121193802;-0,450156938;1;;;;;;;;;;;;;
864;0,522381744;0,182568003;0,044763488;1;;;;;;;;;;;;;
865;0,779767497;0,215737948;0,559534994;1;;;;;;;;;;;;;
866;0,35030752;0,114750156;-0,29938496;1;;;;;;;;;;;;;
867;0,61411256;0,188747406;0,22822512;1;;;;;;;;;;;;;
868;0,339080539;0,1202931;-0,321838922;1;;;;;;;;;;;;;
869;0,345722516;0,100647552;-0,308554968;1;;;;;;;;;;;;;
870;0,36413083;0,135106816;-0,271738341;1;;;;;;;;;;;;;
871;0,315822027;0,123333524;-0,368355947;1;;;;;;;;;;;;;
872;0,531683979;0,154954475;0,063367958;1;;;;;;;;;;;;;
873;0,401020698;0,119174607;-0,197958604;1;;;;;;;;;;;;;
874;0,390698975;0,139373437;-0,218602049;1;;;;;;;;;;;;;
875;0,415998399;0,142183726;-0,168003202;1;;;;;;;;;;;;;
876;0,875469123;0,265470122;0,750938245;1;;;;;;;;;;;;;
877;0,264007068;0,093150955;-0,471985864;0;;;;;;;;;;;;;
878;0,356707505;0,120985371;-0,286584989;1;;;;;;;;;;;;;
879;0,402875736;0,146959085;-0,194248528;1;;;;;;;;;;;;;
880;0,351740734;0,122783439;-0,296518532;1;;;;;;;;;;;;;
881;0,358131331;0,123936877;-0,283737338;1;;;;;;;;;;;;;
882;0,403614984;0,142800152;-0,192770033;1;;;;;;;;;;;;;
883;1,144656094;0,341193274;1,289312188;1;;;;;;;;;;;;;
884;0,287554979;0,121757681;-0,424890043;1;;;;;;;;;;;;;
885;0,318103402;0,129472844;-0,363793196;1;;;;;;;;;;;;;
886;0,438889488;0,148669095;-0,122221023;1;;;;;;;;;;;;;
887;0,345023197;0,121581801;-0,309953606;1;;;;;;;;;;;;;
888;0,361153173;0,112120978;-0,277693653;1;;;;;;;;;;;;;
889;0,41967161;0,146793729;-0,160656781;1;;;;;;;;;;;;;
890;0,551329811;0,166456651;0,102659622;1;;;;;;;;;;;;;
891;0,345127886;0,120859187;-0,309744229;1;;;;;;;;;;;;;
892;0,457819797;0,151698496;-0,084360406;1;;;;;;;;;;;;;
893;0,826868289;0,311268972;0,653736578;1;;;;;;;;;;;;;
894;0,380229959;0,129541813;-0,239540081;1;;;;;;;;;;;;;
895;0,491460107;0,164209044;-0,017079785;1;;;;;;;;;;;;;
896;0,415680581;0,155046329;-0,168638839;1;;;;;;;;;;;;;
897;0,747596877;0,21013007;0,495193753;1;;;;;;;;;;;;;
898;0,530282962;0,168981586;0,060565923;1;;;;;;;;;;;;;
899;0,486450964;0,180498876;-0,027098073;1;;;;;;;;;;;;;
900;0,301440012;0,099053288;-0,397119976;0;;;;;;;;;;;;;
901;0,64319887;0,19979751;0,28639774;1;;;;;;;;;;;;;
902;0,393027556;0,138767078;-0,213944889;1;;;;;;;;;;;;;
903;0,295874715;0,102414596;-0,408250571;0;;;;;;;;;;;;;
904;0,623906096;0,20472437;0,247812192;1;;;;;;;;;;;;;
905;0,800338307;0,258031252;0,600676614;1;;;;;;;;;;;;;
906;0,473406453;0,200856584;-0,053187094;1;;;;;;;;;;;;;
907;0,748409627;0,293084632;0,496819254;1;;;;;;;;;;;;;
908;0,585806117;0,200118864;0,171612234;1;;;;;;;;;;;;;
909;0,494449771;0,14076082;-0,011100459;1;;;;;;;;;;;;;
910;0,396776943;0,14482651;-0,206446115;1;;;;;;;;;;;;;
911;0,775451042;0,257391498;0,550902085;1;;;;;;;;;;;;;
912;0,920414969;0,292197235;0,840829937;1;;;;;;;;;;;;;
913;0,305823083;0,11632752;-0,388353834;1;;;;;;;;;;;;;
914;0,689225657;0,194330028;0,378451313;1;;;;;;;;;;;;;
915;0,550467995;0,180666081;0,10093599;1;;;;;;;;;;;;;
916;1,044728294;0,335269555;1,089456588;1;;;;;;;;;;;;;
917;0,32115358;0,109649888;-0,35769284;1;;;;;;;;;;;;;
918;0,301647006;0,099636489;-0,396705988;0;;;;;;;;;;;;;
919;0,560575892;0,17172828;0,121151783;1;;;;;;;;;;;;;
920;0,894493346;0,28131319;0,788986691;1;;;;;;;;;;;;;
921;0,13614614;0,054919948;-0,727707719;0;;;;;;;;;;;;;
922;0,33786519;0,127384092;-0,324269621;1;;;;;;;;;;;;;
923;1,048372872;0,315486362;1,096745744;1;;;;;;;;;;;;;
924;0,318407217;0,122001819;-0,363185567;1;;;;;;;;;;;;;
925;0,27595884;0,11114555;-0,44808232;0;;;;;;;;;;;;;
926;0,809110094;0,218528216;0,618220187;1;;;;;;;;;;;;;
927;1,031768825;0,29390829;1,063537649;1;;;;;;;;;;;;;
928;0,678653971;0,224240573;0,357307943;1;;;;;;;;;;;;;
929;0,460537309;0,146783082;-0,078925383;1;;;;;;;;;;;;;
930;0,679569637;0,194285618;0,359139273;1;;;;;;;;;;;;;
931;0,370001808;0,13550553;-0,259996384;1;;;;;;;;;;;;;
932;0,658875747;0,251348041;0,317751494;1;;;;;;;;;;;;;
933;0,520862506;0,166789641;0,041725012;1;;;;;;;;;;;;;
934;0,65186029;0,229638702;0,303720579;1;;;;;;;;;;;;;
935;0,78504237;0,241654558;0,570084741;1;;;;;;;;;;;;;
936;0,320727553;0,105919008;-0,358544893;1;;;;;;;;;;;;;
937;0,560529793;0,201960202;0,121059585;1;;;;;;;;;;;;;
938;0,841601729;0,242890448;0,683203457;1;;;;;;;;;;;;;
939;0,533540436;0,167781612;0,067080872;1;;;;;;;;;;;;;
940;0,446964063;0,14685307;-0,106071875;1;;;;;;;;;;;;;
941;0,374698676;0,124785375;-0,250602647;1;;;;;;;;;;;;;
942;0,544423896;0,161306836;0,088847791;1;;;;;;;;;;;;;
943;0,644163135;0,191908887;0,288326271;1;;;;;;;;;;;;;
944;0,521929554;0,173393056;0,043859107;1;;;;;;;;;;;;;
945;0,341458293;0,131726959;-0,317083414;1;;;;;;;;;;;;;
946;0,412358645;0,158378924;-0,175282709;1;;;;;;;;;;;;;
947;0,655482179;0,209020677;0,310964357;1;;;;;;;;;;;;;
948;0,549717925;0,210029401;0,099435849;1;;;;;;;;;;;;;
949;0,814728945;0,253317914;0,629457889;1;;;;;;;;;;;;;
950;0,398036535;0,164958565;-0,203926929;1;;;;;;;;;;;;;
951;0,523725704;0,186482554;0,047451408;1;;;;;;;;;;;;;
952;0,467044323;0,1611469;-0,065911354;1;;;;;;;;;;;;;
953;0,256130138;0,089891345;-0,487739725;0;;;;;;;;;;;;;
954;0,284124931;0,103053056;-0,431750137;0;;;;;;;;;;;;;
955;0,5840342;0,171642044;0,168068401;1;;;;;;;;;;;;;
956;0,358516953;0,11026436;-0,282966094;1;;;;;;;;;;;;;
957;0,197191616;0,082011805;-0,605616769;0;;;;;;;;;;;;;
958;0,383464336;0,133026353;-0,233071328;1;;;;;;;;;;;;;
959;0,455752691;0,138067441;-0,088494619;1;;;;;;;;;;;;;
960;0,375379335;0,14923256;-0,24924133;1;;;;;;;;;;;;;
961;0,190123274;0,068644781;-0,619753451;0;;;;;;;;;;;;;
962;0,528287911;0,227683095;0,056575822;1;;;;;;;;;;;;;
963;0,305108189;0,125731096;-0,389783623;1;;;;;;;;;;;;;
964;0,620234408;0,186081298;0,240468817;1;;;;;;;;;;;;;
965;0,634922431;0,218513677;0,269844861;1;;;;;;;;;;;;;
966;0,312409508;0,103614233;-0,375180984;1;;;;;;;;;;;;;
967;0,394015183;0,115780922;-0,211969635;1;;;;;;;;;;;;;
968;0,522827452;0,176564539;0,045654904;1;;;;;;;;;;;;;
969;0,426705045;0,147113048;-0,146589909;1;;;;;;;;;;;;;
970;0,655425231;0,230496032;0,310850462;1;;;;;;;;;;;;;
971;0,747044899;0,250784321;0,494089798;1;;;;;;;;;;;;;
972;0,833204175;0,336425897;0,66640835;1;;;;;;;;;;;;;
973;0,530126651;0,156763751;0,060253302;1;;;;;;;;;;;;;
974;0,568762786;0,177714092;0,137525571;1;;;;;;;;;;;;;
975;0,602669414;0,227348719;0,205338828;1;;;;;;;;;;;;;
976;0,352287119;0,127743786;-0,295425762;1;;;;;;;;;;;;;
977;0,503214818;0,159216523;0,006429636;1;;;;;;;;;;;;;
978;0,749073291;0,242635725;0,498146582;1;;;;;;;;;;;;;
979;0,682322258;0,221826022;0,364644515;1;;;;;;;;;;;;;
980;0,41310539;0,129528525;-0,173789221;1;;;;;;;;;;;;;
981;0,325910645;0,111629534;-0,348178709;1;;;;;;;;;;;;;
982;0,309854299;0,126593852;-0,380291401;1;;;;;;;;;;;;;
983;0,596269519;0,191562936;0,192539039;1;;;;;;;;;;;;;
984;0,486211886;0,149250261;-0,027576228;1;;;;;;;;;;;;;
985;0,500084417;0,16712073;0,000168834;1;;;;;;;;;;;;;
986;0,612531516;0,204610504;0,225063032;1;;;;;;;;;;;;;
987;0,810365999;0,273287695;0,620731999;1;;;;;;;;;;;;;
988;0,61583982;0,157872452;0,23167964;1;;;;;;;;;;;;;
989;0,642524814;0,17368226;0,285049629;1;;;;;;;;;;;;;
990;0,24786815;0,088151782;-0,504263699;0;;;;;;;;;;;;;
991;0,411446713;0,14255798;-0,177106575;1;;;;;;;;;;;;;
992;0,416634497;0,1455544;-0,166731007;1;;;;;;;;;;;;;
993;0,450864751;0,134671583;-0,098270498;1;;;;;;;;;;;;;
994;0,60061205;0,188906314;0,2012241;1;;;;;;;;;;;;;
995;0,444769355;0,155085135;-0,110461291;1;;;;;;;;;;;;;
996;0,669788912;0,228474483;0,339577824;1;;;;;;;;;;;;;
997;0,64876491;0,200414736;0,297529821;1;;;;;;;;;;;;;
998;0,615382702;0,206533191;0,230765405;1;;;;;;;;;;;;;
999;0,468238051;0,182104032;-0,063523898;1;;;;;;;;;;;;;
1000;0,427448092;0,14028803;-0,145103816;1;;;;;;;;;;;;;
